{"main":"american-flights-api-ss.raml","name":"American Flights API SS","organizationId":"c5e653e0-4fb5-4bfd-8bcd-400dd143779d","groupId":"c5e653e0-4fb5-4bfd-8bcd-400dd143779d","assetId":"american-flights-api-ss","version":"1.0.3","metadata":{"branchId":"master","commitId":"143381786d1bdfff9c4695ec18b5790c5a7b1a62","projectId":"e2ddd5fd-0980-4816-a5d0-ab89e99c755c"},"apiVersion":"v1","classifier":"raml","dependencies":[{"assetId":"training-american-flight-data-type","groupId":"68ef9520-24e9-4cf2-b2f5-620025690913","version":"1.0.1"},{"assetId":"training-american-flights-example","groupId":"68ef9520-24e9-4cf2-b2f5-620025690913","version":"1.0.1"}],"tags":[],"originalFormatVersion":"1.0"}